player_id,first_name,last_name,full_name,birthdate,school,country,last_affiliation,height,weight,season_exp,jersey,position,rosterstatus,games_played_current_season_flag,team_id,team_name,team_abbreviation,team_code,team_city,from_year,to_year,dleague_flag,nba_flag,games_played_flag,draft_year,draft_round,draft_number,greatest_75_flag
76003,Kareem,Abdul-Jabbar,Kareem Abdul-Jabbar,1947-04-16,UCLA,USA,UCLA/USA,7-2,225.0,20.0,33,Center,Inactive,N,1610612747,Lakers,LAL,lakers,Los Angeles,1969,1988,N,Y,Y,1969,1,1,Y
1628961,Kostas,Antetokounmpo,Kostas Antetokounmpo,1997-11-20,University of Dayton,Greece,Dayton/Greece,6-10,200.0,4.0,37,Forward,Inactive,N,1610612747,Lakers,LAL,lakers,Los Angeles,2018,2020,Y,Y,Y,2018,2,60,N
2546,Carmelo,Anthony,Carmelo Anthony,1984-05-29,Syracuse,USA,Syracuse/USA,6-7,238.0,20.0,7,Forward,Inactive,N,1610612747,Lakers,LAL,lakers,Los Angeles,2003,2021,N,Y,Y,2003,1,3,Y
76127,Elgin,Baylor,Elgin Baylor,1934-09-16,Seattle,USA,Seattle/USA,6-5,225.0,14.0,22,Forward,Inactive,N,1610612747,Lakers,LAL,lakers,Los Angeles,1958,1971,N,Y,Y,1958,1,1,Y
203145,Kent,Bazemore,Kent Bazemore,1989-07-01,Old Dominion,USA,Old Dominion/USA,6-4,195.0,11.0,9,Guard-Forward,Inactive,N,1610612747,Lakers,LAL,lakers,Los Angeles,2012,2021,Y,Y,Y,Undrafted,Undrafted,Undrafted,N
1627736,Malik,Beasley,Malik Beasley,1996-11-26,Florida State,USA,Florida State/USA,6-4,187.0,7.0,5,Guard,Active,N,1610612747,Lakers,LAL,lakers,Los Angeles,2016,2023,Y,Y,Y,2016,1,19,N
712,Mario,Bennett,Mario Bennett,1973-08-01,Arizona State,USA,Arizona State/USA,6-9,235.0,5.0,24,Center-Forward,Inactive,N,1610612747,Lakers,LAL,lakers,Los Angeles,1995,2002,N,Y,Y,1995,1,27,N
204028,Tarik,Black,Tarik Black,1991-11-22,Kansas,USA,Kansas/USA,6-9,250.0,5.0,28,Forward-Center,Inactive,N,1610612747,Lakers,LAL,lakers,Los Angeles,2014,2017,Y,Y,Y,Undrafted,Undrafted,Undrafted,N
76180,Alex,Blackwell,Alex Blackwell,1970-06-27,Monmouth,USA,Monmouth/USA,6-6,250.0,1.0,30,Forward,Inactive,N,1610612747,Lakers,LAL,lakers,Los Angeles,1992,1992,N,Y,Y,Undrafted,Undrafted,Undrafted,N
202340,Avery,Bradley,Avery Bradley,1990-11-26,University of Texas at Austin,USA,Texas-Austin/USA,6-3,180.0,13.0,20,Guard,Inactive,N,1610612747,Lakers,LAL,lakers,Los Angeles,2010,2021,Y,Y,Y,2010,1,19,N
1626148,Anthony,Brown,Anthony Brown,1992-10-10,Stanford,USA,Stanford/USA,6-7,224.0,4.0,3,Forward-Guard,Inactive,N,1610612747,Lakers,LAL,lakers,Los Angeles,2015,2017,Y,Y,Y,2015,2,34,N
76273,George,Brown,George Brown,1935-10-30,Wayne State,USA,Wayne State/USA,6-6,190.0,1.0,No Data,Forward,Inactive,N,1610612747,Lakers,MNL,lakers,Minneapolis,1957,1957,N,Y,Y,1957,4,27,N
203913,Jabari,Brown,Jabari Brown,1992-12-18,Missouri,USA,Missouri/USA,6-5,214.0,2.0,15,Guard,Inactive,N,1610612747,Lakers,LAL,lakers,Los Angeles,2014,2014,Y,Y,Y,2014,No Data,No Data,N
1628972,Troy,Brown Jr.,Troy Brown Jr.,1999-07-28,Oregon,USA,Oregon/USA,6-7,215.0,5.0,7,Guard-Forward,Active,N,1610612747,Lakers,LAL,lakers,Los Angeles,2018,2023,Y,Y,Y,2018,1,15,N
977,Kobe,Bryant,Kobe Bryant,1978-08-23,Lower Merion HS (PA),USA,Lower Merion HS (PA)/USA,6-6,212.0,20.0,24,Forward-Guard,Inactive,N,1610612747,Lakers,LAL,lakers,Los Angeles,1996,2015,N,Y,Y,1996,1,13,Y
76294,Steve,Bucknall,Steve Bucknall,1966-03-17,North Carolina,USA,North Carolina/USA,6-6,215.0,1.0,24,Forward,Inactive,N,1610612747,Lakers,LAL,lakers,Los Angeles,1989,1989,N,Y,Y,Undrafted,Undrafted,Undrafted,N
101115,Andrew,Bynum,Andrew Bynum,1987-10-27,St. Joseph HS (NJ),USA,St. Joseph HS (NJ)/USA,7-0,285.0,8.0,17,Center,Inactive,N,1610612747,Lakers,LAL,lakers,Los Angeles,2005,2013,N,Y,Y,2005,1,10,N
76332,Demetrius,Calip,Demetrius Calip,1969-11-18,Michigan,USA,Michigan/USA,6-1,165.0,1.0,7,Guard,Inactive,N,1610612747,Lakers,LAL,lakers,Los Angeles,1991,1991,N,Y,Y,Undrafted,Undrafted,Undrafted,N
922,Elden,Campbell,Elden Campbell,1968-07-23,Clemson,USA,Clemson/USA,7-0,279.0,16.0,41,Center-Forward,Inactive,N,1610612747,Lakers,LAL,lakers,Los Angeles,1990,2004,N,Y,Y,1990,1,27,N
202382,Derrick,Caracter,Derrick Caracter,1988-05-04,Texas-El Paso,USA,Texas-El Paso/USA,6-9,275.0,2.0,45,Forward,Inactive,N,1610612747,Lakers,LAL,lakers,Los Angeles,2010,2010,Y,Y,Y,2010,2,58,N
76344,Don,Carlson,Don Carlson,1921-03-22,Minnesota,USA,Minnesota/USA,6-0,170.0,4.0,No Data,Guard,Inactive,N,1610612747,Lakers,MNL,lakers,Minneapolis,1946,1950,N,Y,Y,Undrafted,Undrafted,Undrafted,N
76345,Bob,Carney,Bob Carney,1932-08-03,Bradley,USA,Bradley/USA,6-3,170.0,1.0,18,Center,Inactive,N,1610612747,Lakers,MNL,lakers,Minneapolis,1954,1954,N,Y,Y,1954,6,47,N
76361,Ron,Carter,Ron Carter,1956-08-31,Virginia Military Institute,USA,Virginia Military Institute/USA,6-5,190.0,2.0,13,Guard,Inactive,N,1610612747,Lakers,LAL,lakers,Los Angeles,1978,1979,N,Y,Y,1978,2,26,N
76363,Jay,Carty,Jay Carty,1941-07-04,Oregon State,USA,Oregon State/USA,6-7,220.0,1.0,52,Forward,Inactive,N,1610612747,Lakers,LAL,lakers,Los Angeles,1968,1968,N,Y,Y,1962,6,46,N
1030,Duane,Cooper,Duane Cooper,1969-06-25,Southern California,USA,Southern California/USA,6-1,185.0,2.0,10,Guard,Inactive,N,1610612747,Lakers,LAL,lakers,Los Angeles,1992,1993,N,Y,Y,1992,2,36,N
76444,Michael,Cooper,Michael Cooper,1956-04-15,New Mexico,USA,New Mexico/USA,6-7,170.0,12.0,21,Guard,Inactive,N,1610612747,Lakers,LAL,lakers,Los Angeles,1978,1989,N,Y,Y,1978,3,60,N
76458,Mel,Counts,Mel Counts,1941-10-16,Oregon State,USA,Oregon State/USA,7-0,230.0,12.0,31,Center,Inactive,N,1610612747,Lakers,LAL,lakers,Los Angeles,1964,1975,N,Y,Y,1964,1,7,N
76466,Freddie,Crawford,Freddie Crawford,1940-12-23,St. Bonaventure,USA,St. Bonaventure/USA,6-4,189.0,5.0,15,Guard,Inactive,N,1610612747,Lakers,LAL,lakers,Los Angeles,1966,1970,N,Y,Y,1964,4,26,N
203076,Anthony,Davis,Anthony Davis,1993-03-11,Kentucky,USA,Kentucky/USA,6-10,253.0,11.0,3,Forward-Center,Active,N,1610612747,Lakers,LAL,lakers,Los Angeles,2012,2023,N,Y,Y,2012,1,1,Y
124,Vlade,Divac,Vlade Divac,1968-02-03,Partizan,Serbia,Partizan/Serbia,7-1,260.0,17.0,21,Center,Inactive,N,1610612747,Lakers,LAL,lakers,Los Angeles,1989,2004,N,Y,Y,1989,1,26,N
202365,Devin,Ebanks,Devin Ebanks,1989-10-28,West Virginia,USA,West Virginia/USA,6-9,215.0,4.0,3,Forward,Inactive,N,1610612747,Lakers,LAL,lakers,Los Angeles,2010,2012,Y,Y,Y,2010,2,43,N
201961,Wayne,Ellington,Wayne Ellington,1987-11-29,North Carolina,USA,North Carolina/USA,6-4,207.0,14.0,2,Guard,Inactive,N,1610612747,Lakers,LAL,lakers,Los Angeles,2009,2021,N,Y,Y,2009,1,28,N
76658,Alexander,Ellis,Alexander Ellis,1936-02-11,Niagara,USA,Niagara/USA,6-5,185.0,2.0,30,Forward,Inactive,N,1610612747,Lakers,MNL,lakers,Minneapolis,1958,1959,N,Y,Y,1958,3,16,N
76663,Leroy,Ellis,Leroy Ellis,1940-03-10,St. John's (NY),USA,St. John's (NY)/USA,6-11,210.0,14.0,25,Forward,Inactive,N,1610612747,Lakers,LAL,lakers,Los Angeles,1962,1975,N,Y,Y,1962,1,6,N
203898,Tyler,Ennis,Tyler Ennis,1994-08-24,Syracuse,Canada,Syracuse/Canada,6-3,194.0,4.0,10,Guard,Inactive,N,1610612747,Lakers,LAL,lakers,Los Angeles,2014,2017,Y,Y,Y,2014,1,18,N
76679,Bo,Erias,Bo Erias,1932-07-30,Niagara,USA,Niagara/USA,6-3,220.0,1.0,No Data,Forward,Inactive,N,1610612747,Lakers,MNL,lakers,Minneapolis,1957,1957,N,Y,Y,1954,5,43,N
76680,Keith,Erickson,Keith Erickson,1944-04-19,UCLA,USA,UCLA/USA,6-5,195.0,12.0,14,Forward,Inactive,N,1610612747,Lakers,LAL,lakers,Los Angeles,1965,1976,N,Y,Y,1965,3,18,N
76691,John,Fairchild,John Fairchild,1943-04-28,Brigham Young,USA,Brigham Young/USA,6-7,205.0,1.0,33,Forward,Inactive,N,1610612747,Lakers,LAL,lakers,Los Angeles,1965,1965,N,Y,Y,1965,2,16,N
76701,Ron,Feiereisel,Ron Feiereisel,1931-08-06,DePaul,USA,DePaul/USA,6-3,185.0,1.0,22,Guard,Inactive,N,1610612747,Lakers,MNL,lakers,Minneapolis,1955,1955,N,Y,Y,1953,No Data,No Data,N
76711,Arnie,Ferrin,Arnie Ferrin,1925-07-29,Utah,USA,Utah/USA,6-4,180.0,3.0,18,Forward,Inactive,N,1610612747,Lakers,MNL,lakers,Minneapolis,1948,1950,N,Y,Y,1948,No Data,No Data,N
965,Derek,Fisher,Derek Fisher,1974-08-09,Arkansas-Little Rock,USA,Arkansas-Little Rock/USA,6-1,210.0,18.0,6,Guard,Inactive,N,1610612747,Lakers,LAL,lakers,Los Angeles,1996,2013,N,Y,Y,1996,1,24,N
76723,Ed,Fleming,Ed Fleming,1933-07-25,Niagara,USA,Niagara/USA,6-3,189.0,5.0,50,Guard,Inactive,N,1610612747,Lakers,MNL,lakers,Minneapolis,1955,1959,N,Y,Y,1955,3,16,N
76734,Don,Ford,Don Ford,1952-12-31,California-Santa Barbara,USA,California-Santa Barbara/USA,6-9,215.0,7.0,35,Forward,Inactive,N,1610612747,Lakers,LAL,lakers,Los Angeles,1975,1981,N,Y,Y,1975,6,92,N
76738,Donnie,Forman,Donnie Forman,1926-01-17,New York University,USA,New York University/USA,5-10,175.0,1.0,22,Guard,Inactive,N,1610612747,Lakers,MNL,lakers,Minneapolis,1948,1948,N,Y,Y,Undrafted,Undrafted,Undrafted,N
296,Rick,Fox,Rick Fox,1969-07-24,North Carolina,Canada,North Carolina/Canada,6-7,235.0,14.0,17,Forward,Inactive,N,1610612747,Lakers,LAL,lakers,Los Angeles,1991,2003,N,Y,Y,1991,1,24,N
76754,Donnie,Freeman,Donnie Freeman,1944-07-18,Illinois,USA,Illinois/USA,6-3,185.0,1.0,20,Guard,Inactive,N,1610612747,Lakers,LAL,lakers,Los Angeles,1975,1975,N,Y,Y,1966,3,29,N
1629117,Wenyen,Gabriel,Wenyen Gabriel,1997-03-26,Kentucky,South Sudan,Kentucky/South Sudan,6-9,205.0,4.0,35,Forward,Active,N,1610612747,Lakers,LAL,lakers,Los Angeles,2018,2023,Y,Y,Y,Undrafted,Undrafted,Undrafted,N
76778,Earl,Gardner,Earl Gardner,1923-09-18,DePauw,USA,DePauw/USA,6-3,195.0,1.0,14,Forward,Inactive,N,1610612747,Lakers,MNL,lakers,Minneapolis,1948,1948,N,Y,Y,1948,No Data,No Data,N
76783,Dick,Garmaker,Dick Garmaker,1932-10-29,Minnesota,USA,Minnesota/USA,6-3,200.0,6.0,17,Guard,Inactive,N,1610612747,Lakers,MNL,lakers,Minneapolis,1955,1960,N,Y,Y,1955,No Data,No Data,N
2200,Pau,Gasol,Pau Gasol,1980-07-06,FC Barcelona,Spain,FC Barcelona/Germany,7-0,250.0,19.0,16,Center-Forward,Inactive,N,1610612747,Lakers,LAL,lakers,Los Angeles,2001,2018,N,Y,Y,2001,1,3,N
1904,Devean,George,Devean George,1977-08-29,Augsburg,USA,Augsburg/USA,6-8,235.0,12.0,19,Forward,Inactive,N,1610612747,Lakers,LAL,lakers,Los Angeles,1999,2009,N,Y,Y,1999,1,23,N
76823,Norman,Glick,Norman Glick,1927-11-10,Loyola-Marymount,USA,Loyola-Marymount/USA,6-6,190.0,1.0,20,Forward,Inactive,N,1610612747,Lakers,MNL,lakers,Minneapolis,1949,1949,N,Y,Y,Undrafted,Undrafted,Undrafted,N
76832,Gail,Goodrich,Gail Goodrich,1943-04-23,UCLA,USA,UCLA/USA,6-1,170.0,14.0,25,Guard,Inactive,N,1610612747,Lakers,LAL,lakers,Los Angeles,1965,1978,N,Y,Y,1965,No Data,No Data,N
202726,Andrew,Goudelock,Andrew Goudelock,1988-12-07,College of Charleston,USA,College of Charleston/USA,6-3,200.0,4.0,0,Guard,Inactive,N,1610612747,Lakers,LAL,lakers,Los Angeles,2011,2015,Y,Y,Y,2011,2,46,N
76850,Bud,Grant,Bud Grant,1927-05-20,Minnesota,USA,Minnesota/USA,6-3,195.0,2.0,20,Forward,Inactive,N,1610612747,Lakers,MNL,lakers,Minneapolis,1949,1950,N,Y,Y,1950,4,No Data,N
76853,Travis,Grant,Travis Grant,1950-01-01,Kentucky State,USA,Kentucky State/USA,6-7,215.0,2.0,33,Forward,Inactive,N,1610612747,Lakers,LAL,lakers,Los Angeles,1972,1973,N,Y,Y,1972,1,13,N
920,A.C.,Green,A.C. Green,1963-10-04,Oregon State,USA,Oregon State/USA,6-9,225.0,16.0,45,Forward,Inactive,N,1610612747,Lakers,LAL,lakers,Los Angeles,1985,2000,N,Y,Y,1985,1,23,N
76896,Jerry,Grote,Jerry Grote,1940-12-28,Loyola-Marymount,USA,Loyola-Marymount/USA,6-4,215.0,1.0,32,Guard,Inactive,N,1610612747,Lakers,LAL,lakers,Los Angeles,1964,1964,N,Y,Y,1962,4,28,N
1629060,Rui,Hachimura,Rui Hachimura,1998-02-08,Gonzaga,Japan,Gonzaga/Japan,6-8,230.0,4.0,28,Forward,Active,N,1610612747,Lakers,LAL,lakers,Los Angeles,2019,2023,N,Y,Y,2019,1,9,N
76916,Happy,Hairston,Happy Hairston,1942-05-31,New York University,USA,New York University/USA,6-7,225.0,11.0,52,Forward,Inactive,N,1610612747,Lakers,LAL,lakers,Los Angeles,1964,1974,N,Y,Y,1964,4,33,N
76926,Dennis,Hamilton,Dennis Hamilton,1944-05-08,Arizona State,USA,Arizona State/USA,6-8,210.0,2.0,12,Forward,Inactive,N,1610612747,Lakers,LAL,lakers,Los Angeles,1967,1968,N,Y,Y,Undrafted,Undrafted,Undrafted,N
76929,Steve,Hamilton,Steve Hamilton,1935-11-30,Morehead State,USA,Morehead State/USA,6-6,190.0,2.0,30,Forward,Inactive,N,1610612747,Lakers,MNL,lakers,Minneapolis,1958,1959,N,Y,Y,1958,2,8,N
76962,Bob,Harrison,Bob Harrison,1927-08-12,Michigan,USA,Michigan/USA,6-1,190.0,9.0,3,Guard,Inactive,N,1610612747,Lakers,MNL,lakers,Minneapolis,1949,1957,N,Y,Y,1949,No Data,No Data,N
1627885,Shaquille,Harrison,Shaquille Harrison,1993-10-06,Tulsa,USA,Tulsa/USA,6-4,195.0,7.0,0,Guard,Inactive,N,1610612747,Lakers,LAL,lakers,Los Angeles,2017,2022,Y,Y,Y,Undrafted,Undrafted,Undrafted,N
176,Antonio,Harvey,Antonio Harvey,1970-07-06,Pfeiffer,USA,Pfeiffer/USA,6-11,250.0,8.0,4,Forward-Center,Inactive,N,1610612747,Lakers,LAL,lakers,Los Angeles,1993,2002,N,Y,Y,Undrafted,Undrafted,Undrafted,N
76967,Billy,Hassett,Billy Hassett,1921-10-21,Notre Dame,USA,Notre Dame/USA,5-10,180.0,2.0,No Data,Guard,Inactive,N,1610612747,Lakers,MNL,lakers,Minneapolis,1949,1950,N,Y,Y,Undrafted,Undrafted,Undrafted,N
76977,Tom,Hawkins,Tom Hawkins,1936-12-22,Notre Dame,USA,Notre Dame/USA,6-5,210.0,10.0,33,Forward,Inactive,N,1610612747,Lakers,LAL,lakers,Los Angeles,1959,1968,N,Y,Y,1959,1,3,N
201941,Jordan,Hill,Jordan Hill,1987-07-27,Arizona,USA,Arizona/USA,6-10,240.0,9.0,27,Forward-Center,Inactive,N,1610612747,Lakers,LAL,lakers,Los Angeles,2009,2016,N,Y,Y,2009,1,8,N
77032,Lew,Hitch,Lew Hitch,1929-07-16,Kansas State,USA,Kansas State/USA,6-8,200.0,6.0,14,Forward,Inactive,N,1610612747,Lakers,MNL,lakers,Minneapolis,1951,1956,N,Y,Y,1951,2,19,N
77040,Brad,Holland,Brad Holland,1956-12-06,UCLA,USA,UCLA/USA,6-3,180.0,3.0,14,Guard,Inactive,N,1610612747,Lakers,LAL,lakers,Los Angeles,1979,1981,N,Y,Y,1979,1,14,N
77045,Jim,Holstein,Jim Holstein,1930-09-24,Cincinnati,USA,Cincinnati/USA,6-3,180.0,4.0,10,Forward,Inactive,N,1610612747,Lakers,MNL,lakers,Minneapolis,1952,1955,N,Y,Y,1952,No Data,No Data,N
77055,Johnny,Horan,Johnny Horan,1932-11-24,Dayton,USA,Dayton/USA,6-8,190.0,1.0,No Data,Forward,Inactive,N,1610612747,Lakers,MNL,lakers,Minneapolis,1955,1955,N,Y,Y,1955,1,6,N
109,Robert,Horry,Robert Horry,1970-08-25,Alabama,USA,Alabama/USA,6-10,240.0,17.0,25,Forward-Center,Inactive,N,1610612747,Lakers,LAL,lakers,Los Angeles,1992,2007,N,Y,Y,1992,1,11,N
2730,Dwight,Howard,Dwight Howard,1985-12-08,                                   ,USA,SW Atlanta Christian Academy (GA)/USA,6-10,265.0,19.0,39,Center-Forward,Inactive,N,1610612747,Lakers,LAL,lakers,Los Angeles,2004,2021,N,Y,Y,2004,1,1,N
77082,Rod,Hundley,Rod Hundley,1934-10-26,West Virginia,USA,West Virginia/USA,6-4,185.0,6.0,33,Guard,Inactive,N,1610612747,Lakers,LAL,lakers,Los Angeles,1957,1962,N,Y,Y,1957,1,1,N
77090,Joe,Hutton,Joe Hutton,1928-10-06,Hamline,USA,Hamline/USA,6-1,170.0,2.0,4-15,Guard,Inactive,N,1610612747,Lakers,MNL,lakers,Minneapolis,1950,1951,N,Y,Y,1950,7,No Data,N
77093,Darrall,Imhoff,Darrall Imhoff,1938-10-11,California,USA,California/USA,6-10,220.0,12.0,30-35,Center,Inactive,N,1610612747,Lakers,LAL,lakers,Los Angeles,1960,1971,N,Y,Y,1960,1,3,N
77100,Tony,Jackson,Tony Jackson,1958-01-17,Florida State,USA,Florida State/USA,6-0,170.0,1.0,23,Guard,Inactive,N,1610612747,Lakers,LAL,lakers,Los Angeles,1980,1980,N,Y,Y,1980,4,87,N
2544,LeBron,James,LeBron James,1984-12-30,St. Vincent-St. Mary HS (OH),USA,St. Vincent-St. Mary HS (OH)/USA,6-9,250.0,20.0,6,Forward,Active,N,1610612747,Lakers,LAL,lakers,Los Angeles,2003,2023,N,Y,Y,2003,1,1,Y
77123,Tony,Jaros,Tony Jaros,1920-02-22,Minnesota,USA,Minnesota/USA,6-3,185.0,4.0,13,Forward,Inactive,N,1610612747,Lakers,MNL,lakers,Minneapolis,1946,1950,N,Y,Y,Undrafted,Undrafted,Undrafted,N
77135,Clay,Johnson,Clay Johnson,1956-07-18,Missouri,USA,Missouri/USA,6-4,175.0,3.0,34,Guard,Inactive,N,1610612747,Lakers,LAL,lakers,Los Angeles,1981,1983,N,Y,Y,1978,5,110,N
77142,Magic,Johnson,Magic Johnson,1959-08-14,Michigan State,USA,Michigan State/USA,6-9,220.0,13.0,32,Forward-Guard,Inactive,N,1610612747,Lakers,LAL,lakers,Los Angeles,1979,1995,N,Y,Y,1979,1,1,Y
77165,Ron,Johnson,Ron Johnson,1938-07-20,Minnesota,USA,Minnesota/USA,6-8,215.0,1.0,52,Forward,Inactive,N,1610612747,Lakers,LAL,lakers,Los Angeles,1960,1960,N,Y,Y,1960,2,12,N
77172,Howie,Jolliff,Howie Jolliff,1938-07-20,Ohio,USA,Ohio/USA,6-7,218.0,3.0,54,Forward,Inactive,N,1610612747,Lakers,LAL,lakers,Los Angeles,1960,1962,N,Y,Y,1960,7,50,N
1630222,Mason,Jones,Mason Jones,1998-07-21,Arkansas,USA,Arkansas/USA,6-4,200.0,3.0,40,Guard,Inactive,N,1610612747,Lakers,LAL,lakers,Los Angeles,2020,2021,Y,Y,Y,Undrafted,Undrafted,Undrafted,N
77211,Johnny,Jorgensen,Johnny Jorgensen,1921-12-28,DePaul,USA,DePaul/USA,6-2,185.0,2.0,16,Guard,Inactive,N,1610612747,Lakers,MNL,lakers,Minneapolis,1947,1948,N,Y,Y,Undrafted,Undrafted,Undrafted,N
77219,Ed,Kalafat,Ed Kalafat,1932-10-13,Minnesota,USA,Minnesota/USA,6-6,245.0,3.0,23,Center,Inactive,N,1610612747,Lakers,MNL,lakers,Minneapolis,1954,1956,N,Y,Y,1954,1,9,N
201207,Coby,Karl,Coby Karl,1983-06-08,Boise State,USA,Boise State/USA,6-5,215.0,3.0,22,Guard,Inactive,N,1610612747,Lakers,LAL,lakers,Los Angeles,2007,2009,Y,Y,Y,Undrafted,Undrafted,Undrafted,N
203527,Ryan,Kelly,Ryan Kelly,1991-04-09,Duke,USA,Duke/USA,6-11,230.0,5.0,30,Forward,Inactive,N,1610612747,Lakers,LAL,lakers,Los Angeles,2013,2016,Y,Y,Y,2013,2,48,N
77270,Jim,King,Jim King,1941-02-07,Tulsa,USA,Tulsa/USA,6-2,175.0,10.0,21,Guard,Inactive,N,1610612747,Lakers,LAL,lakers,Los Angeles,1963,1972,N,Y,Y,1963,2,13,N
969,Travis,Knight,Travis Knight,1974-09-13,Connecticut,USA,Connecticut/USA,7-0,235.0,8.0,44,Center,Inactive,N,1610612747,Lakers,LAL,lakers,Los Angeles,1996,2002,N,Y,Y,1996,1,29,N
77311,Jim,Krebs,Jim Krebs,1935-09-08,Southern Methodist,USA,Southern Methodist/USA,6-8,230.0,7.0,32,Center,Inactive,N,1610612747,Lakers,LAL,lakers,Los Angeles,1957,1963,N,Y,Y,1957,1,3,N
77325,Charles,Kupec,Charles Kupec,1953-01-16,Michigan,USA,Michigan/USA,6-6,220.0,3.0,25,Center,Inactive,N,1610612747,Lakers,LAL,lakers,Los Angeles,1975,1977,N,Y,Y,1975,4,56,N
77340,Rudy,LaRusso,Rudy LaRusso,1937-11-11,Dartmouth,USA,Dartmouth/USA,6-8,220.0,10.0,35,Forward,Inactive,N,1610612747,Lakers,LAL,lakers,Los Angeles,1959,1968,N,Y,Y,1959,2,10,N
77334,Mark,Landsberger,Mark Landsberger,1955-05-21,Arizona State,USA,Arizona State/USA,6-8,215.0,7.0,54,Forward,Inactive,N,1610612747,Lakers,LAL,lakers,Los Angeles,1977,1983,N,Y,Y,1977,2,35,N
77371,Bob,Leonard,Bob Leonard,1932-07-17,Indiana,USA,Indiana/USA,6-3,185.0,7.0,21,Guard,Inactive,N,1610612747,Lakers,LAL,lakers,Los Angeles,1956,1962,N,Y,Y,1954,2,10,N
77414,Clyde,Lovellette,Clyde Lovellette,1929-09-07,Kansas,USA,Kansas/USA,6-9,234.0,11.0,34,Center,Inactive,N,1610612747,Lakers,MNL,lakers,Minneapolis,1953,1963,N,Y,Y,1952,1,9,N
77427,Mike,Lynn,Mike Lynn,1945-11-25,UCLA,USA,UCLA/USA,6-7,215.0,2.0,25,Forward,Inactive,N,1610612747,Lakers,LAL,lakers,Los Angeles,1969,1970,N,Y,Y,1968,4,39,N
203088,Kendall,Marshall,Kendall Marshall,1991-08-19,North Carolina,USA,North Carolina/USA,6-4,200.0,5.0,5,Guard,Inactive,N,1610612747,Lakers,LAL,lakers,Los Angeles,2012,2015,Y,Y,Y,2012,1,13,N
77480,Slater,Martin,Slater Martin,1925-10-22,Texas-Austin,USA,Texas-Austin/USA,5-10,170.0,11.0,22,Guard,Inactive,N,1610612747,Lakers,MNL,lakers,Minneapolis,1949,1959,N,Y,Y,Undrafted,Undrafted,Undrafted,N
2788,DJ,Mbenga,DJ Mbenga,1980-12-30,Spirou Charleroi,Belgium,Spirou Charleroi/Belgium,7-0,255.0,8.0,28,Center,Inactive,N,1610612747,Lakers,LAL,lakers,Los Angeles,2004,2010,N,Y,Y,Undrafted,Undrafted,Undrafted,N
77502,Mel,McCants,Mel McCants,1967-08-19,Purdue,USA,Purdue/USA,6-8,240.0,1.0,49,Forward,Inactive,N,1610612747,Lakers,LAL,lakers,Los Angeles,1989,1989,N,Y,Y,Undrafted,Undrafted,Undrafted,N
77505,Willie,McCarter,Willie McCarter,1946-07-26,Drake,USA,Drake/USA,6-3,175.0,3.0,17,Guard,Inactive,N,1610612747,Lakers,LAL,lakers,Los Angeles,1969,1971,N,Y,Y,1969,1,12,N
77530,Mike,McGee,Mike McGee,1959-07-29,Michigan,USA,Michigan/USA,6-5,190.0,9.0,40,Forward,Inactive,N,1610612747,Lakers,LAL,lakers,Los Angeles,1981,1989,N,Y,Y,1981,1,19,N
77554,Jim,McMillian,Jim McMillian,1948-03-11,Columbia,USA,Columbia/USA,6-5,215.0,9.0,5,Forward,Inactive,N,1610612747,Lakers,LAL,lakers,Los Angeles,1970,1978,N,Y,Y,1970,1,13,N
2098,Slava,Medvedenko,Slava Medvedenko,1979-04-04,Kyiv,Ukraine,Kyiv/Ukraine,6-10,253.0,8.0,3,Forward,Inactive,N,1610612747,Lakers,LAL,lakers,Los Angeles,2000,2006,N,Y,Y,Undrafted,Undrafted,Undrafted,N
77579,Chuck,Mencel,Chuck Mencel,1933-04-21,Minnesota,USA,Minnesota/USA,6-0,168.0,2.0,18,Guard,Inactive,N,1610612747,Lakers,MNL,lakers,Minneapolis,1955,1956,N,Y,Y,1955,2,12,N
600012,George,Mikan,George Mikan,1924-06-18,DePaul,USA,DePaul/USA,6-10,245.0,7.0,99,Center,Inactive,N,1610612747,Lakers,MNL,lakers,Minneapolis,1948,1955,N,Y,Y,Undrafted,Undrafted,Undrafted,Y
77593,Vern,Mikkelsen,Vern Mikkelsen,1928-10-21,Hamline,USA,Hamline/USA,6-7,230.0,10.0,19,Forward,Inactive,N,1610612747,Lakers,MNL,lakers,Minneapolis,1949,1958,N,Y,Y,1949,No Data,No Data,N
202721,Darius,Morris,Darius Morris,1991-01-03,Michigan,USA,Michigan/USA,6-4,195.0,5.0,14,Guard,Inactive,N,1610612747,Lakers,LAL,lakers,Los Angeles,2011,2014,Y,Y,Y,2011,2,41,N
77668,Allen,Murphy,Allen Murphy,1952-07-15,Louisville,USA,Louisville/USA,6-4,190.0,1.0,20,Guard,Inactive,N,1610612747,Lakers,LAL,lakers,Los Angeles,1976,1976,N,Y,Y,1975,2,35,N
77687,Charles,Nash,Charles Nash,1942-07-24,Kentucky,USA,Kentucky/USA,6-5,215.0,1.0,17,Forward,Inactive,N,1610612747,Lakers,LAL,lakers,Los Angeles,1964,1964,N,Y,Y,1964,2,12,N
77705,Johnny,Neumann,Johnny Neumann,1951-09-11,Mississippi,USA,Mississippi/USA,6-6,200.0,2.0,21,Guard,Inactive,N,1610612747,Lakers,LAL,lakers,Los Angeles,1976,1977,N,Y,Y,1973,6,98,N
77721,Norm,Nixon,Norm Nixon,1955-10-11,Duquesne,USA,Duquesne/USA,6-2,170.0,10.0,10,Guard,Inactive,N,1610612747,Lakers,LAL,lakers,Los Angeles,1977,1988,N,Y,Y,1977,1,22,N
406,Shaquille,O'Neal,Shaquille O'Neal,1972-03-06,Louisiana State,USA,Louisiana State/USA,7-1,325.0,19.0,34,Center,Inactive,N,1610612747,Lakers,LAL,lakers,Los Angeles,1992,2010,N,Y,Y,1992,1,1,Y
1885,Lamar,Odom,Lamar Odom,1979-11-06,Rhode Island,USA,Rhode Island/USA,6-10,230.0,15.0,No Data,Forward,Inactive,N,1610612747,Lakers,LAL,lakers,Los Angeles,1999,2013,N,Y,Y,1999,1,4,N
77785,Keith,Owens,Keith Owens,1969-05-31,UCLA,USA,UCLA/USA,6-7,225.0,1.0,25,Forward,Inactive,N,1610612747,Lakers,LAL,lakers,Los Angeles,1991,1991,N,Y,Y,Undrafted,Undrafted,Undrafted,N
2470,Smush,Parker,Smush Parker,1981-06-01,Fordham,USA,Fordham/USA,6-4,190.0,6.0,1,Guard,Inactive,N,1610612747,Lakers,LAL,lakers,Los Angeles,2002,2007,Y,Y,Y,Undrafted,Undrafted,Undrafted,N
77808,Myles,Patrick,Myles Patrick,1954-11-16,Auburn,USA,Auburn/USA,6-8,220.0,1.0,34,Forward,Inactive,N,1610612747,Lakers,LAL,lakers,Los Angeles,1980,1980,N,Y,Y,Undrafted,Undrafted,Undrafted,N
77818,Jim,Paxson,Jim Paxson,1932-12-19,Dayton,USA,Dayton/USA,6-6,200.0,2.0,11,Guard,Inactive,N,1610612747,Lakers,MNL,lakers,Minneapolis,1956,1957,N,Y,Y,1956,1,3,N
77859,John,Pilch,John Pilch,1925-07-11,Wyoming,USA,Wyoming/USA,6-3,185.0,1.0,No Data,Forward,Inactive,N,1610612747,Lakers,MNL,lakers,Minneapolis,1951,1951,N,Y,Y,1950,2,No Data,N
2694,Josh,Powell,Josh Powell,1983-01-25,North Carolina State,USA,North Carolina State/USA,6-9,240.0,8.0,21,Forward,Inactive,N,1610612747,Lakers,LAL,lakers,Los Angeles,2005,2013,Y,Y,Y,Undrafted,Undrafted,Undrafted,N
77905,Kurt,Rambis,Kurt Rambis,1958-02-25,Santa Clara,USA,Santa Clara/USA,6-8,213.0,14.0,18,Forward,Inactive,N,1610612747,Lakers,LAL,lakers,Los Angeles,1981,1994,N,Y,Y,1980,3,58,N
1630559,Austin,Reaves,Austin Reaves,1998-05-29,Oklahoma,USA,Oklahoma/USA,6-5,197.0,2.0,15,Guard,Active,N,1610612747,Lakers,LAL,lakers,Los Angeles,2021,2023,N,Y,Y,Undrafted,Undrafted,Undrafted,N
77962,Pat,Riley,Pat Riley,1945-03-20,Kentucky,USA,Kentucky/USA,6-4,205.0,9.0,12,Guard,Inactive,N,1610612747,Lakers,LAL,lakers,Los Angeles,1967,1975,N,Y,Y,1967,1,7,N
77973,Rick,Roberson,Rick Roberson,1947-07-07,Cincinnati,USA,Cincinnati/USA,6-9,231.0,7.0,50,Center,Inactive,N,1610612747,Lakers,LAL,lakers,Los Angeles,1969,1975,N,Y,Y,1969,1,15,N
77978,Marv,Roberts,Marv Roberts,1950-01-29,Utah State,USA,Utah State/USA,6-8,200.0,1.0,30,Forward,Inactive,N,1610612747,Lakers,LAL,lakers,Los Angeles,1976,1976,N,Y,Y,1971,3,45,N
1626156,D'Angelo,Russell,D'Angelo Russell,1996-02-23,Ohio State,USA,Ohio State/USA,6-4,193.0,8.0,1,Guard,Active,N,1610612747,Lakers,LAL,lakers,Los Angeles,2015,2023,N,Y,Y,2015,1,2,N
203135,Robert,Sacre,Robert Sacre,1989-06-06,Gonzaga,Canada,Gonzaga/Canada,7-0,270.0,5.0,50,Center,Inactive,N,1610612747,Lakers,LAL,lakers,Los Angeles,2012,2015,Y,Y,Y,2012,2,60,N
78063,Frank,Saul,Frank Saul,1924-02-16,Seton Hall,USA,Seton Hall/USA,6-2,185.0,6.0,10,Guard,Inactive,N,1610612747,Lakers,MNL,lakers,Minneapolis,1949,1954,N,Y,Y,1949,1,10,N
78071,Herm,Schaefer,Herm Schaefer,1919-12-20,Indiana,USA,Indiana/USA,6-0,175.0,2.0,10,Guard,Inactive,N,1610612747,Lakers,MNL,lakers,Minneapolis,1948,1949,N,Y,Y,Undrafted,Undrafted,Undrafted,N
78086,Dick,Schnittker,Dick Schnittker,1928-05-27,Ohio State,USA,Ohio State/USA,6-5,200.0,6.0,15,Forward,Inactive,N,1610612747,Lakers,MNL,lakers,Minneapolis,1950,1957,N,Y,Y,1950,1,4,N
203471,Dennis,Schroder,Dennis Schroder,1993-09-15,Braunschweig,Germany,Braunschweig/Germany,6-1,172.0,10.0,17,Guard,Active,N,1610612747,Lakers,LAL,lakers,Los Angeles,2013,2023,Y,Y,Y,2013,1,17,N
78091,Howie,Schultz,Howie Schultz,1922-07-03,Hamline,USA,Hamline/USA,6-6,200.0,3.0,15,Forward,Inactive,N,1610612747,Lakers,MNL,lakers,Minneapolis,1949,1952,N,Y,Y,Undrafted,Undrafted,Undrafted,N
2,Byron,Scott,Byron Scott,1961-03-28,Arizona State,USA,Arizona State/USA,6-4,205.0,14.0,No Data,Guard,Inactive,N,1610612747,Lakers,LAL,lakers,Los Angeles,1983,1996,N,Y,Y,1983,1,4,N
78113,Frank,Selvy,Frank Selvy,1932-11-09,Furman,USA,Furman/USA,6-2,180.0,9.0,11,Guard,Inactive,N,1610612747,Lakers,LAL,lakers,Los Angeles,1954,1963,N,Y,Y,1954,1,1,N
216,Brian,Shaw,Brian Shaw,1966-03-22,California-Santa Barbara,USA,California-Santa Barbara/USA,6-6,200.0,15.0,20,Guard,Inactive,N,1610612747,Lakers,LAL,lakers,Los Angeles,1988,2002,N,Y,Y,1988,1,24,N
78169,Whitey,Skoog,Whitey Skoog,1926-11-02,Minnesota,USA,Minnesota/USA,5-11,180.0,6.0,20,Guard,Inactive,N,1610612747,Lakers,MNL,lakers,Minneapolis,1951,1956,N,Y,Y,1951,No Data,No Data,N
78185,Donald,Smith,Donald Smith,1920-07-27,Minnesota,USA,Minnesota/USA,6-2,190.0,1.0,No Data,Forward,Inactive,N,1610612747,Lakers,MNL,lakers,Minneapolis,1948,1948,N,Y,Y,1947,No Data,No Data,N
78188,Elmore,Smith,Elmore Smith,1949-05-09,Kentucky State,USA,Kentucky State/USA,7-1,250.0,8.0,3,Center,Inactive,N,1610612747,Lakers,LAL,lakers,Los Angeles,1971,1978,N,Y,Y,1971,1,3,N
1091,Mike,Smrek,Mike Smrek,1962-08-31,Canisius,USA,Canisius/USA,7-0,250.0,7.0,55,Center,Inactive,N,1610612747,Lakers,LAL,lakers,Los Angeles,1985,1991,N,Y,Y,1985,2,25,N
78233,Larry,Spriggs,Larry Spriggs,1959-09-08,Howard,USA,Howard/USA,6-7,230.0,5.0,35,Forward,Inactive,N,1610612747,Lakers,LAL,lakers,Los Angeles,1981,1985,N,Y,Y,1981,4,81,N
201180,Yue,Sun,Sun Sun,1985-11-06,Beijing,China,Beijing/China,6-9,205.0,2.0,9,Guard,Inactive,N,1610612747,Lakers,LAL,lakers,Los Angeles,2008,2008,Y,Y,Y,2007,2,40,N
1631306,Cole,Swider,Cole Swider,1999-05-08,Syracuse,USA,Syracuse/USA,6-9,220.0,1.0,20,Forward,Active,N,1610612747,Lakers,LAL,lakers,Los Angeles,2022,2023,Y,Y,Y,Undrafted,Undrafted,Undrafted,N
78294,Earl,Tatum,Earl Tatum,1953-07-26,Marquette,USA,Marquette/USA,6-4,185.0,4.0,43,Guard,Inactive,N,1610612747,Lakers,LAL,lakers,Los Angeles,1976,1979,N,Y,Y,1976,2,21,N
78317,Irving,Thomas,Irving Thomas,1966-01-02,Florida State,USA,Florida State/USA,6-8,225.0,1.0,30,Forward,Inactive,N,1610612747,Lakers,LAL,lakers,Los Angeles,1990,1990,N,Y,Y,Undrafted,Undrafted,Undrafted,N
202684,Tristan,Thompson,Tristan Thompson,1991-03-13,Texas-Austin,Canada,Texas-Austin/Canada,6-9,254.0,12.0,9,Center-Forward,Active,N,1610612747,Lakers,LAL,lakers,Los Angeles,2011,2023,N,Y,Y,2011,1,4,N
9,Sedale,Threatt,Sedale Threatt,1961-09-10,West Virginia Tech,USA,West Virginia Tech/USA,6-2,185.0,14.0,2,Guard,Inactive,N,1610612747,Lakers,LAL,lakers,Los Angeles,1983,1996,N,Y,Y,1983,6,139,N
89,Nick,Van Exel,Nick Van Exel,1971-11-27,Cincinnati,USA,Cincinnati/USA,6-1,190.0,13.0,31,Guard,Inactive,N,1610612747,Lakers,LAL,lakers,Los Angeles,1993,2005,N,Y,Y,1993,2,37,N
1629020,Jarred,Vanderbilt,Jarred Vanderbilt,1999-04-03,Kentucky,USA,Kentucky/USA,6-8,214.0,5.0,2,Forward,Active,N,1610612747,Lakers,LAL,lakers,Los Angeles,2018,2023,Y,Y,Y,2018,2,41,N
2756,Sasha,Vujacic,Sasha Vujacic,1984-03-08,Udine,Slovenia,Udine/Slovenia,6-7,195.0,11.0,18,Guard,Inactive,N,1610612747,Lakers,LAL,lakers,Los Angeles,2004,2016,N,Y,Y,2004,1,27,N
78429,Milt,Wagner,Milt Wagner,1963-02-20,Louisville,USA,Louisville/USA,6-5,185.0,2.0,25,Guard,Inactive,N,1610612747,Lakers,LAL,lakers,Los Angeles,1987,1990,N,Y,Y,1986,2,35,N
1629022,Lonnie,Walker IV,Lonnie Walker IV,1998-12-14,Miami,USA,Miami/USA,6-4,204.0,5.0,4,Guard-Forward,Active,N,1610612747,Lakers,LAL,lakers,Los Angeles,2018,2023,Y,Y,Y,2018,1,18,N
2575,Luke,Walton,Luke Walton,1980-03-28,Arizona,USA,Arizona/USA,6-8,235.0,11.0,4,Forward,Inactive,N,1610612747,Lakers,LAL,lakers,Los Angeles,2003,2012,N,Y,Y,2003,2,32,N
78467,Kermit,Washington,Kermit Washington,1951-09-17,American,USA,American/USA,6-8,230.0,10.0,3,Forward,Inactive,N,1610612747,Lakers,LAL,lakers,Los Angeles,1973,1987,N,Y,Y,1973,1,5,N
78497,Jerry,West,Jerry West,1938-05-28,West Virginia,USA,West Virginia/USA,6-3,175.0,14.0,44,Guard,Inactive,N,1610612747,Lakers,LAL,lakers,Los Angeles,1960,1973,N,Y,Y,1960,1,2,Y
78526,Gene,Wiley,Gene Wiley,1937-11-12,Wichita State,USA,Wichita State/USA,6-10,210.0,4.0,12,Center,Inactive,N,1610612747,Lakers,LAL,lakers,Los Angeles,1962,1965,N,Y,Y,1962,2,15,N
78532,Jamaal,Wilkes,Jamaal Wilkes,1953-05-02,UCLA,USA,UCLA/USA,6-6,190.0,12.0,52,Forward,Inactive,N,1610612747,Lakers,LAL,lakers,Los Angeles,1974,1985,N,Y,Y,1974,1,11,N
78564,Bob,Williams,Bob Williams,1931-05-12,Florida A&M,USA,Florida A&M/USA,6-6,230.0,2.0,33,Forward,Inactive,N,1610612747,Lakers,MNL,lakers,Minneapolis,1955,1956,N,Y,Y,Undrafted,Undrafted,Undrafted,N
1629140,Johnathan,Williams,Johnathan Williams,1995-05-22,Gonzaga,USA,Gonzaga/USA,6-9,228.0,3.0,19,Forward,Inactive,N,1610612747,Lakers,LAL,lakers,Los Angeles,2018,2019,Y,Y,Y,Undrafted,Undrafted,Undrafted,N
1897,Metta,World Peace,Metta World Peace,1979-11-13,St. John's (NY),USA,St. John's (NY)/USA,6-7,260.0,18.0,37,Forward,Inactive,N,1610612747,Lakers,LAL,lakers,Los Angeles,1999,2016,N,Y,Y,1999,1,16,N
1460,James,Worthy,James Worthy,1961-02-27,North Carolina,USA,North Carolina/USA,6-9,225.0,12.0,42,Forward,Inactive,N,1610612747,Lakers,LAL,lakers,Los Angeles,1982,1993,N,Y,Y,1982,1,1,Y
78630,Wayne,Yates,Wayne Yates,1937-11-07,Memphis,USA,Memphis/USA,6-8,235.0,1.0,55,Center,Inactive,N,1610612747,Lakers,LAL,lakers,Los Angeles,1961,1961,N,Y,Y,1961,1,5,N
